Steel	0	Tir Rune El Rune	Damage +3% | Damage +1 | To Hit +2% | Light Radius +1 | Faster attack	Tir Rune: +2 mana per kill | El Rune: +5% to hit, +1 light radius
Nadir	3	Nef Rune Tir Rune	Armor +2 | Mana +3 | Strength +5 | Gold Find -33% | Damage Reduced +3	Nef Rune: damage taken -3 | Tir Rune: +2 mana per kill
Malice	0	Ith Rune El Rune Eth Rune	Damage +6% | Damage +11 | To Hit +4%	Ith Rune: +9 damage | El Rune: +5% to hit, +1 light radius | Eth Rune: +10% to hit
Stealth	2	Tal Rune Eth Rune	All Resistances +2% | Armor +8 | Life +6 | Dexterity +6 | Magic +3 | Faster hit recovery	Tal Rune: +30% magic resist | Eth Rune: +10 mana
Leaf	0	Tir Rune Ral Rune	Damage +6% | Damage +2 | To Hit +4% | Fire Resistance +15% | Spell Levels +1 | Magic +5	Tir Rune: +2 mana per kill | Ral Rune: +5-30 fire damage
Zephyr	0	Ort Rune Eth Rune	Damage +9% | Damage +3 | To Hit +6% | Lightning Resistance +20% | Light Radius +25 | Faster attack	Ort Rune: +1-50 lightning damage | Eth Rune: +10% to hit
Ancient's Pledge	1	Ral Rune Ort Rune Tal Rune	All Resistances +5% | Fire Resistance +10% | Lightning Resistance +10% | Magic Resistance +10% | Armor +15 | Life +10	Ral Rune: +35% fire resist | Ort Rune: +35% lightning resist | Tal Rune: +35% magic resist
King's Grace	0	Amn Rune Ral Rune Thul Rune	Damage +18% | Damage +6 | To Hit +12% | Fire Resistance +10% | Steals life, triple damage to demons	Amn Rune: steals life | Ral Rune: +5-30 fire damage | Thul Rune: +8 damage
Edge	0	Tir Rune Tal Rune Amn Rune	Damage +12% | Damage +4 | To Hit +8% | Gold Find +50% | Faster attack, attackers take damage	Tir Rune: +2 mana per kill | Tal Rune: +5 damage | Amn Rune: steals life
Radiance	3	Nef Rune Sol Rune Ith Rune	Armor +10 | Spell Levels +1 | Mana +15 | Magic +10 | Vitality +10 | Damage Reduced +7 | Light Radius +5	Nef Rune: damage taken -3 | Sol Rune: damage taken -7 | Ith Rune: +8 mana
Lore	3	Ort Rune Sol Rune	Lightning Resistance +30% | Armor +10 | Spell Levels +2 | Mana +15 | Magic +10 | Damage Reduced +7 | Light Radius +2	Ort Rune: +30% lightning resist | Sol Rune: damage taken -7
Rhyme	1	Shael Rune Eth Rune	All Resistances +4% | Armor +12 | Life +8 | Magic Find +25% | Gold Find +50% | Faster block	Shael Rune: faster block | Eth Rune: +10 mana
Peace	2	Shael Rune Thul Rune Amn Rune	All Resistances +6% | Armor +32 | Spell Levels +1 | Life +24 | Dexterity +5 | Faster hit recovery	Shael Rune: faster hit recovery | Thul Rune: +30% magic resist | Amn Rune: attackers take damage
Myth	2	Hel Rune Amn Rune Nef Rune	All Resistances +6% | Armor +28 | Spell Levels +1 | Life +21 | Strength +5 | Gold Find +30% | Faster hit recovery	Hel Rune: requirements -20% | Amn Rune: attackers take damage | Nef Rune: damage taken -3
Black	0	Thul Rune Io Rune Nef Rune	Damage +21% | Damage +7 | To Hit +14% | Vitality +10 | Damage Reduced +2 | Faster attack, knockback	Thul Rune: +8 damage | Io Rune: +10 vitality | Nef Rune: knockback
White	0	Dol Rune Io Rune	Damage +21% | Damage +7 | To Hit +14% | Spell Levels +2 | Mana +13 | Vitality +10 | Damage Reduced +4	Dol Rune: +4 life per kill | Io Rune: +10 vitality
Smoke	2	Nef Rune Lum Rune	All Resistances +4% | Armor +20 | Life +15 | Magic +10 | Damage Reduced +5 | Light Radius -1 | Faster hit recovery	Nef Rune: damage taken -3 | Lum Rune: +10 magic
Splendor	1	Eth Rune Lum Rune	All Resistances +5% | Armor +15 | Spell Levels +1 | Life +10 | Magic Find +20% | Light Radius +3 | Faster block	Eth Rune: +10 mana | Lum Rune: +10 magic
Lionheart	2	Hel Rune Lum Rune Fal Rune	All Resistances +10% | Armor +48 | Life +36 | Strength +25 | Dexterity +15 | Magic +10 | Vitality +20	Hel Rune: requirements -20% | Lum Rune: +10 magic | Fal Rune: +10 strength
Melody	0	Shael Rune Ko Rune Nef Rune	Damage +24% | Damage +8 | To Hit +16% | Spell Levels +1 | Dexterity +10 | Faster attack, knockback	Shael Rune: faster attack | Ko Rune: +10 dexterity | Nef Rune: knockback
Lawbringer	0	Amn Rune Lem Rune Ko Rune	Damage +36% | Damage +12 | To Hit +24% | Fire Resistance +15% | Lightning Resistance +15% | Knockback, steals life	Amn Rune: steals life | Lem Rune: +75% gold find | Ko Rune: +10 dexterity
Duress	2	Shael Rune Um Rune Thul Rune	Damage +15 | All Resistances +8% | Fire Resistance +15% | Armor +40 | Life +30 | Faster hit recovery	Shael Rune: faster hit recovery | Um Rune: +15% fire resist, +15% lightning resist, +15% magic resist | Thul Rune: +30% magic resist
Gloom	2	Fal Rune Um Rune Pul Rune	All Resistances +12% | Armor +60 | Life +45 | Strength +10 | Damage Reduced +8 | Light Radius -3 | Faster hit recovery	Fal Rune: +10 strength | Um Rune: +15% fire resist, +15% lightning resist, +15% magic resist | Pul Rune: +25 armor
Prudence	2	Mal Rune Tir Rune	All Resistances +5% | Armor +24 | Life +18 | Magic +5 | Damage Reduced +10 | Light Radius +2 | Faster hit recovery	Mal Rune: damage taken -7 | Tir Rune: +2 mana per kill
Wealth	2	Lem Rune Ko Rune Tir Rune	All Resistances +8% | Armor +40 | Life +30 | Dexterity +10 | Magic Find +50% | Gold Find +150%	Lem Rune: +75% gold find | Ko Rune: +10 dexterity | Tir Rune: +2 mana per kill
Bramble	2	Ral Rune Ohm Rune Sur Rune Eth Rune	All Resistances +13% | Magic Resistance +25% | Armor +64 | Life +48 | Vitality +10 | Faster hit recovery, attackers take damage	Ral Rune: +30% fire resist | Ohm Rune: +5% magic resist | Sur Rune: +50 mana | Eth Rune: +10 mana
Enigma	2	Jah Rune Ith Rune Ber Rune	All Resistances +13% | Armor +64 | Spell Levels +2 | Life +48 | Strength +10 | Vitality +15 | Magic Find +40% | Damage Reduced +8	Jah Rune: +50 life | Ith Rune: +8 mana | Ber Rune: damage taken -8
Principle	2	Ral Rune Gul Rune Eld Rune	All Resistances +6% | Magic Resistance +20% | Armor +32 | Spell Levels +2 | Life +24 | Vitality +10 | Light Radius +2	Ral Rune: +30% fire resist | Gul Rune: +5% magic resist | Eld Rune: +10 life
Passion	0	Dol Rune Ort Rune Eld Rune Lem Rune	Damage +30% | Damage +30 | To Hit +20% | Faster attack, steals life	Dol Rune: +4 life per kill | Ort Rune: +1-50 lightning damage | Eld Rune: +7% damage | Lem Rune: +75% gold find
Chaos	0	Fal Rune Ohm Rune Um Rune	Damage +48% | Damage +46 | To Hit +32% | Lightning Resistance +20% | Strength +10 | Faster attack	Fal Rune: +10 strength | Ohm Rune: +50% damage | Um Rune: +10 damage
Delirium	3	Lem Rune Ist Rune Io Rune	Armor +28 | Spell Levels +3 | Mana +42 | Magic Find +30% | Gold Find +50% | Damage Reduced +5	Lem Rune: +75% gold find | Ist Rune: +30% magic find | Io Rune: +10 vitality
Fury	0	Jah Rune Gul Rune Eth Rune	Damage +42% | Damage +39 | To Hit +28% | Faster attack, knockback, steals life	Jah Rune: +25% to hit | Gul Rune: +20% to hit | Eth Rune: +10% to hit
Kingslayer	0	Mal Rune Um Rune Gul Rune Fal Rune	Damage +63% | Damage +51 | To Hit +42% | Strength +10 | Faster attack, steals life	Mal Rune: +12 damage | Um Rune: +10 damage | Gul Rune: +20% to hit | Fal Rune: +10 strength
Rift	0	Hel Rune Ko Rune Lem Rune Gul Rune	Damage +54% | Damage +18 | To Hit +36% | Fire Resistance +20% | Lightning Resistance +20% | Magic +10 | Steals mana	Hel Rune: requirements -20% | Ko Rune: +10 dexterity | Lem Rune: +75% gold find | Gul Rune: +20% to hit
Oath	0	Shael Rune Pul Rune Mal Rune Lum Rune	Damage +54% | Damage +58 | To Hit +36% | Magic Resistance +15% | Faster attack, steals life	Shael Rune: faster attack | Pul Rune: triple damage to demons | Mal Rune: +12 damage | Lum Rune: +10 magic
Spirit	1	Tal Rune Thul Rune Ort Rune Amn Rune	All Resistances +8% | Armor +24 | Spell Levels +2 | Life +16 | Magic +15 | Vitality +22 | Magic Find +20% | Faster hit recovery, faster block	Tal Rune: +35% magic resist | Thul Rune: +35% magic resist | Ort Rune: +35% lightning resist | Amn Rune: attackers take damage
Beast	0	Ber Rune Tir Rune Um Rune Mal Rune Lum Rune	Damage +66% | Damage +62 | To Hit +44% | Strength +25 | Faster attack, steals life	Ber Rune: +25% damage | Tir Rune: +2 mana per kill | Um Rune: +10 damage | Mal Rune: +12 damage | Lum Rune: +10 magic
Enlightenment	2	Pul Rune Ral Rune Sol Rune	All Resistances +8% | Fire Resistance +20% | Armor +40 | Spell Levels +2 | Life +30 | Magic +20 | Light Radius +3	Pul Rune: +25 armor | Ral Rune: +30% fire resist | Sol Rune: damage taken -7
Obedience	0	Hel Rune Ko Rune Thul Rune Eth Rune Fal Rune	Damage +48% | Damage +56 | To Hit +32% | Fire Resistance +20% | Lightning Resistance +20% | Magic Resistance +20% | Faster attack	Hel Rune: requirements -20% | Ko Rune: +10 dexterity | Thul Rune: +8 damage | Eth Rune: +10% to hit | Fal Rune: +10 strength
Venom	0	Tal Rune Dol Rune Mal Rune	Damage +30% | Damage +45 | To Hit +20% | Knockback, steals mana	Tal Rune: +5 damage | Dol Rune: +4 life per kill | Mal Rune: +12 damage
Wrath	0	Pul Rune Lum Rune Ber Rune Mal Rune	Damage +66% | Damage +62 | To Hit +44% | Magic Resistance +15% | Steals life, triple damage to demons	Pul Rune: triple damage to demons | Lum Rune: +10 magic | Ber Rune: +25% damage | Mal Rune: +12 damage
Exile	1	Vex Rune Ohm Rune Ist Rune Dol Rune	All Resistances +22% | Armor +66 | Life +44 | Vitality +15 | Damage Reduced +10 | Faster block, steals life, attackers take damage	Vex Rune: +5% fire resist | Ohm Rune: +5% magic resist | Ist Rune: +30% magic find | Dol Rune: +10 mana
Famine	0	Fal Rune Ohm Rune Ort Rune Jah Rune	Damage +60% | Damage +70 | To Hit +40% | Fire Resistance +15% | Lightning Resistance +15% | Faster attack, steals life	Fal Rune: +10 strength | Ohm Rune: +50% damage | Ort Rune: +1-50 lightning damage | Jah Rune: +25% to hit
Gospel	2	Lem Rune Ko Rune El Rune	All Resistances +7% | Armor +36 | Spell Levels +1 | Life +27 | Magic +10 | Vitality +10 | Gold Find +100%	Lem Rune: +75% gold find | Ko Rune: +10 dexterity | El Rune: +15 armor, +1 light radius
Hand of Justice	0	Sur Rune Cham Rune Amn Rune Lo Rune	Damage +72% | Damage +69 | To Hit +48% | Fire Resistance +20% | Faster attack, steals life	Sur Rune: +20 mana | Cham Rune: +15 damage | Amn Rune: steals life | Lo Rune: +20% damage
Heart of the Oak	0	Ko Rune Vex Rune Pul Rune Thul Rune	Damage +54% | Damage +18 | To Hit +36% | Fire Resistance +20% | Lightning Resistance +20% | Magic Resistance +20% | Spell Levels +3 | Magic +20 | Vitality +15	Ko Rune: +10 dexterity | Vex Rune: steals mana | Pul Rune: triple damage to demons | Thul Rune: +8 damage
Pride	0	Cham Rune Sur Rune Io Rune Lo Rune	Damage +75% | Damage +75 | To Hit +50% | Strength +15 | Light Radius +3 | Triple damage to demons	Cham Rune: +15 damage | Sur Rune: +20 mana | Io Rune: +10 vitality | Lo Rune: +20% damage
Dragon	2	Sur Rune Lo Rune Sol Rune	All Resistances +13% | Fire Resistance +30% | Armor +64 | Life +48 | Strength +10 | Vitality +10 | Damage Reduced +10	Sur Rune: +50 mana | Lo Rune: +5% lightning resist | Sol Rune: damage taken -7
Dream	3	Io Rune Jah Rune Pul Rune	Lightning Resistance +30% | Armor +32 | Spell Levels +4 | Mana +48 | Magic +15 | Magic Find +25% | Faster hit recovery	Io Rune: +10 vitality | Jah Rune: +50 life | Pul Rune: +25 armor
Insight	0	Ral Rune Tir Rune Tal Rune Sol Rune	Damage +18% | Damage +6 | To Hit +12% | Spell Levels +2 | Mana +40 | Magic +25 | Faster attack	Ral Rune: +5-30 fire damage | Tir Rune: +2 mana per kill | Tal Rune: +5 damage | Sol Rune: +9 damage
Harmony	0	Tir Rune Ith Rune Sol Rune Ko Rune	Damage +27% | Damage +9 | To Hit +18% | Fire Resistance +10% | Lightning Resistance +10% | Dexterity +15 | Faster attack, knockback	Tir Rune: +2 mana per kill | Ith Rune: +9 damage | Sol Rune: +9 damage | Ko Rune: +10 dexterity
Ice	0	Amn Rune Shael Rune Jah Rune Lo Rune	Damage +60% | Damage +60 | To Hit +40% | Magic Resistance +25% | Faster attack, knockback	Amn Rune: steals life | Shael Rune: faster attack | Jah Rune: +25% to hit | Lo Rune: +20% damage
Faith	0	Ohm Rune Jah Rune Lem Rune Eld Rune	Damage +57% | Damage +54 | To Hit +38% | Spell Levels +1 | Dexterity +20 | Faster attack, steals life	Ohm Rune: +50% damage | Jah Rune: +25% to hit | Lem Rune: +75% gold find | Eld Rune: +7% damage
Destruction	0	Vex Rune Lo Rune Ber Rune Jah Rune Ko Rune	Damage +96% | Damage +92 | To Hit +64% | Fire Resistance +20% | Faster attack, knockback, steals life	Vex Rune: steals mana | Lo Rune: +20% damage | Ber Rune: +25% damage | Jah Rune: +25% to hit | Ko Rune: +10 dexterity
Doom	0	Hel Rune Ohm Rune Um Rune Lo Rune Cham Rune	Damage +90% | Damage +90 | To Hit +60% | Magic Resistance +20% | Spell Levels +2 | Faster attack, steals life	Hel Rune: requirements -20% | Ohm Rune: +50% damage | Um Rune: +10 damage | Lo Rune: +20% damage | Cham Rune: +15 damage
Call to Arms	0	Amn Rune Ral Rune Mal Rune Ist Rune Ohm Rune	Damage +66% | Damage +22 | To Hit +44% | Spell Levels +2 | Mana +30 | Vitality +20 | Faster attack, steals life	Amn Rune: steals life | Ral Rune: +5-30 fire damage | Mal Rune: +12 damage | Ist Rune: +30% magic find | Ohm Rune: +50% damage
Brand	0	Jah Rune Lo Rune Mal Rune Gul Rune	Damage +78% | Damage +76 | To Hit +52% | Faster attack, knockback, triple damage to demons	Jah Rune: +25% to hit | Lo Rune: +20% damage | Mal Rune: +12 damage | Gul Rune: +20% to hit
Death	0	Hel Rune El Rune Vex Rune Ort Rune Gul Rune	Damage +54% | Damage +88 | To Hit +36% | Lightning Resistance +25% | Faster attack, steals life	Hel Rune: requirements -20% | El Rune: +5% to hit, +1 light radius | Vex Rune: steals mana | Ort Rune: +1-50 lightning damage | Gul Rune: +20% to hit
Grief	0	Eth Rune Tir Rune Lo Rune Mal Rune Ral Rune	Damage +48% | Damage +106 | To Hit +32% | Damage Reduced +5 | Faster attack, steals life	Eth Rune: +10% to hit | Tir Rune: +2 mana per kill | Lo Rune: +20% damage | Mal Rune: +12 damage | Ral Rune: +5-30 fire damage
Fortitude	2	El Rune Sol Rune Dol Rune Lo Rune	All Resistances +10% | Fire Resistance +20% | Lightning Resistance +20% | Magic Resistance +20% | Armor +52 | Spell Levels +1 | Life +39 | Vitality +20 | Damage Reduced +10	El Rune: +15 armor, +1 light radius | Sol Rune: damage taken -7 | Dol Rune: +10 life | Lo Rune: +5% lightning resist
Breath of the Dying	0	Vex Rune Hel Rune El Rune Eld Rune Zod Rune Eth Rune	Damage +57% | Damage +119 | To Hit +38% | Strength +30 | Dexterity +30 | Faster attack, steals life, steals mana	Vex Rune: steals mana | Hel Rune: requirements -20% | El Rune: +5% to hit, +1 light radius | Eld Rune: +7% damage | Zod Rune: indestructible | Eth Rune: +10% to hit
Ashen Accord	0	El Rune Ral Rune	Damage +6% | Damage +2 | To Hit +4% | Light Radius +2 | Triple damage to demons	El Rune: +5% to hit, +1 light radius | Ral Rune: +5-30 fire damage
Bitter Anthem	0	Nef Rune Amn Rune	Damage +9% | Damage +3 | To Hit +6% | Dexterity +6 | Faster attack	Nef Rune: knockback | Amn Rune: steals life
Bleak Bargain	0	Tal Rune Dol Rune	Damage +15% | Damage +5 | To Hit +10% | Strength +10 | Light Radius +2	Tal Rune: +5 damage | Dol Rune: +4 life per kill
Burning Bulwark	0	Ort Rune Io Rune	Damage +18% | Damage +24 | To Hit +12%	Ort Rune: +1-50 lightning damage | Io Rune: +10 vitality
Cinder Cadence	0	Sol Rune Fal Rune	Damage +21% | Damage +7 | To Hit +14% | Light Radius +2 | Triple damage to demons	Sol Rune: +9 damage | Fal Rune: +10 strength
Cold Charter	0	Hel Rune Um Rune	Damage +27% | Damage +9 | To Hit +18% | Dexterity +18 | Faster attack	Hel Rune: requirements -20% | Um Rune: +10 damage
Crimson Compass	0	Lum Rune Ist Rune	Damage +30% | Damage +40 | To Hit +20% | Steals life	Lum Rune: +10 magic | Ist Rune: +30% magic find
Dread Covenant	0	Lem Rune Ohm Rune	Damage +33% | Damage +44 | To Hit +22%	Lem Rune: +75% gold find | Ohm Rune: +50% damage
Dusk Creed	0	Mal Rune Ber Rune	Damage +39% | Damage +13 | To Hit +26% | Light Radius +2 | Triple damage to demons	Mal Rune: +12 damage | Ber Rune: +25% damage
Ember Dirge	0	Vex Rune Zod Rune	Damage +42% | Damage +14 | To Hit +28% | Dexterity +28 | Faster attack	Vex Rune: steals mana | Zod Rune: indestructible
Fell Ember	0	Sur Rune Tir Rune	Damage +24% | Damage +8 | To Hit +16% | Light Radius +2 | Faster attack	Sur Rune: +20 mana | Tir Rune: +2 mana per kill
Grave Errand	0	Jah Rune Eth Rune	Damage +24% | Damage +8 | To Hit +16% | Knockback	Jah Rune: +25% to hit | Eth Rune: +10% to hit
Grim Fetter	0	El Rune Ort Rune Lum Rune	Damage +18% | Damage +6 | To Hit +12% | Strength +12 | Faster attack	El Rune: +5% to hit, +1 light radius | Ort Rune: +1-50 lightning damage | Lum Rune: +10 magic
Hollow Gambit	0	Nef Rune Sol Rune Lem Rune	Damage +24% | Damage +8 | To Hit +16% | Strength +16 | Triple damage to demons	Nef Rune: knockback | Sol Rune: +9 damage | Lem Rune: +75% gold find
Iron Harbour	0	Ral Rune Io Rune Ist Rune	Damage +33% | Damage +11 | To Hit +22% | Magic Find +33%	Ral Rune: +5-30 fire damage | Io Rune: +10 vitality | Ist Rune: +30% magic find
Kindled Herald	0	Amn Rune Fal Rune Ohm Rune	Damage +42% | Damage +56 | To Hit +28% | Steals mana	Amn Rune: steals life | Fal Rune: +10 strength | Ohm Rune: +50% damage
Lost Keening	0	Dol Rune Um Rune Ber Rune	Damage +48% | Damage +16 | To Hit +32% | Light Radius +2	Dol Rune: +4 life per kill | Um Rune: +10 damage | Ber Rune: +25% damage
Molten Lantern	0	Lum Rune Gul Rune Zod Rune	Damage +54% | Damage +18 | To Hit +36% | Light Radius +2 | Steals life	Lum Rune: +10 magic | Gul Rune: +20% to hit | Zod Rune: indestructible
Pale Ledger	0	Pul Rune Sur Rune Nef Rune	Damage +39% | Damage +13 | To Hit +26% | Steals life, triple damage to demons	Pul Rune: triple damage to demons | Sur Rune: +20 mana | Nef Rune: knockback
Quiet Litany	0	Ist Rune Cham Rune Tal Rune	Damage +45% | Damage +60 | To Hit +30% | Faster attack	Ist Rune: +30% magic find | Cham Rune: +15 damage | Tal Rune: +5 damage
Ragged Mandate	0	Ohm Rune Eld Rune Thul Rune	Damage +27% | Damage +36 | To Hit +18% | Knockback	Ohm Rune: +50% damage | Eld Rune: +7% damage | Thul Rune: +8 damage
Riven Mercy	0	Jah Rune Ith Rune Dol Rune	Damage +36% | Damage +12 | To Hit +24% | Dexterity +24 | Triple damage to demons	Jah Rune: +25% to hit | Ith Rune: +9 damage | Dol Rune: +4 life per kill
Salt Omen	0	El Rune Amn Rune Pul Rune Jah Rune	Damage +45% | Damage +60 | To Hit +30% | Strength +30	El Rune: +5% to hit, +1 light radius | Amn Rune: steals life | Pul Rune: triple damage to demons | Jah Rune: +25% to hit
Shattered Pact	0	Eth Rune Hel Rune Gul Rune Eld Rune	Damage +33% | Damage +11 | To Hit +22% | Light Radius +2 | Steals mana	Eth Rune: +10% to hit | Hel Rune: requirements -20% | Gul Rune: +20% to hit | Eld Rune: +7% damage
Silent Parable	0	Ral Rune Ko Rune Lo Rune Eth Rune	Damage +42% | Damage +14 | To Hit +28% | Strength +28 | Dexterity +28	Ral Rune: +5-30 fire damage | Ko Rune: +10 dexterity | Lo Rune: +20% damage | Eth Rune: +10% to hit
Sable Reckoning	0	Sol Rune Um Rune Cham Rune Ort Rune	Damage +54% | Damage +72 | To Hit +36% | Steals life	Sol Rune: +9 damage | Um Rune: +10 damage | Cham Rune: +15 damage | Ort Rune: +1-50 lightning damage
Storm Refrain	0	Io Rune Vex Rune Tir Rune Shael Rune	Damage +42% | Damage +14 | To Hit +28% | Knockback, steals mana	Io Rune: +10 vitality | Vex Rune: steals mana | Tir Rune: +2 mana per kill | Shael Rune: faster attack
Sunless Sentinel	0	Fal Rune Sur Rune Ith Rune Io Rune	Damage +48% | Damage +16 | To Hit +32% | Strength +32 | Steals mana	Fal Rune: +10 strength | Sur Rune: +20 mana | Ith Rune: +9 damage | Io Rune: +10 vitality
Thorn Signet	0	Mal Rune Zod Rune Thul Rune Lem Rune	Damage +60% | Damage +80 | To Hit +40%	Mal Rune: +12 damage | Zod Rune: indestructible | Thul Rune: +8 damage | Lem Rune: +75% gold find
Tidal Sojourn	0	Ohm Rune Nef Rune Dol Rune Ist Rune	Damage +48% | Damage +16 | To Hit +32% | Magic Find +48% | Steals mana	Ohm Rune: +50% damage | Nef Rune: knockback | Dol Rune: +4 life per kill | Ist Rune: +30% magic find
Vigil Tally	0	Ber Rune Tal Rune Lum Rune Ohm Rune	Damage +57% | Damage +76 | To Hit +38% | Strength +38	Ber Rune: +25% damage | Tal Rune: +5 damage | Lum Rune: +10 magic | Ohm Rune: +50% damage
Waking Tenet	0	El Rune Dol Rune Ohm Rune Tal Rune Lem Rune	Damage +48% | Damage +16 | To Hit +32% | Magic Find +48% | Faster attack	El Rune: +5% to hit, +1 light radius | Dol Rune: +4 life per kill | Ohm Rune: +50% damage | Tal Rune: +5 damage | Lem Rune: +75% gold find
Wan Threnody	0	Ral Rune Pul Rune El Rune Dol Rune Ohm Rune	Damage +48% | Damage +16 | To Hit +32% | Strength +32 | Faster attack	Ral Rune: +5-30 fire damage | Pul Rune: triple damage to demons | El Rune: +5% to hit, +1 light radius | Dol Rune: +4 life per kill | Ohm Rune: +50% damage
Wither Verdict	0	Dol Rune Ohm Rune Tal Rune Lem Rune Zod Rune	Damage +72% | Damage +96 | To Hit +48% | Light Radius +2	Dol Rune: +4 life per kill | Ohm Rune: +50% damage | Tal Rune: +5 damage | Lem Rune: +75% gold find | Zod Rune: indestructible
Wrought Vigil	0	Pul Rune El Rune Dol Rune Ohm Rune Tal Rune	Damage +48% | Damage +16 | To Hit +32% | Faster attack, steals mana	Pul Rune: triple damage to demons | El Rune: +5% to hit, +1 light radius | Dol Rune: +4 life per kill | Ohm Rune: +50% damage | Tal Rune: +5 damage
Ashen Warrant	0	Ohm Rune Tal Rune Lem Rune Zod Rune Shael Rune	Damage +72% | Damage +96 | To Hit +48% | Triple damage to demons	Ohm Rune: +50% damage | Tal Rune: +5 damage | Lem Rune: +75% gold find | Zod Rune: indestructible | Shael Rune: faster attack
Bitter Accord	0	El Rune Hel Rune Sur Rune Thul Rune Ist Rune Eth Rune	Damage +60% | Damage +20 | To Hit +40% | Triple damage to demons	El Rune: +5% to hit, +1 light radius | Hel Rune: requirements -20% | Sur Rune: +20 mana | Thul Rune: +8 damage | Ist Rune: +30% magic find | Eth Rune: +10% to hit
Bleak Anthem	0	Ort Rune Mal Rune Nef Rune Ko Rune Cham Rune Shael Rune	Damage +69% | Damage +92 | To Hit +46% | Knockback	Ort Rune: +1-50 lightning damage | Mal Rune: +12 damage | Nef Rune: knockback | Ko Rune: +10 dexterity | Cham Rune: +15 damage | Shael Rune: faster attack
Burning Bargain	0	Lum Rune Jah Rune Sol Rune Vex Rune Tal Rune Pul Rune	Damage +81% | Damage +27 | To Hit +54% | Magic Find +81% | Light Radius +2	Lum Rune: +10 magic | Jah Rune: +25% to hit | Sol Rune: +9 damage | Vex Rune: steals mana | Tal Rune: +5 damage | Pul Rune: triple damage to demons
Cinder Bulwark	0	Vex Rune Tal Rune Pul Rune Eld Rune Io Rune Ber Rune	Damage +72% | Damage +24 | To Hit +48% | Light Radius +2 | Faster attack	Vex Rune: steals mana | Tal Rune: +5 damage | Pul Rune: triple damage to demons | Eld Rune: +7% damage | Io Rune: +10 vitality | Ber Rune: +25% damage
Cold Cadence	1	El Rune Ral Rune	All Resistances +2% | Armor +6 | Life +4 | Vitality +4 | Attackers take damage	El Rune: +15 armor, +1 light radius | Ral Rune: +35% fire resist
Crimson Charter	1	Nef Rune Amn Rune	All Resistances +3% | Lightning Resistance +9% | Armor +9 | Life +6 | Damage Reduced +3	Nef Rune: damage taken -3 | Amn Rune: attackers take damage
Dread Compass	1	Tal Rune Dol Rune	All Resistances +5% | Fire Resistance +15% | Armor +15 | Life +10 | Damage Reduced +5	Tal Rune: +35% magic resist | Dol Rune: +10 mana
Dusk Covenant	1	Ort Rune Io Rune	All Resistances +6% | Lightning Resistance +18% | Armor +18 | Life +12 | Faster hit recovery	Ort Rune: +35% lightning resist | Io Rune: +10 vitality
Ember Creed	1	Sol Rune Fal Rune	All Resistances +7% | Armor +21 | Life +14 | Damage Reduced +7 | Light Radius +1	Sol Rune: damage taken -7 | Fal Rune: +10 strength
Fell Dirge	1	Hel Rune Um Rune	All Resistances +9% | Armor +27 | Life +18 | Gold Find +54% | Faster block	Hel Rune: requirements -20% | Um Rune: +22% fire resist, +22% lightning resist, +22% magic resist
Grave Ember	1	Lum Rune Ist Rune	All Resistances +10% | Fire Resistance +30% | Armor +30 | Life +20 | Damage Reduced +10	Lum Rune: +10 magic | Ist Rune: +30% magic find
Grim Errand	1	Lem Rune Ohm Rune	All Resistances +11% | Lightning Resistance +33% | Armor +33 | Life +22 | Faster block	Lem Rune: +75% gold find | Ohm Rune: +5% magic resist
Hollow Fetter	1	Mal Rune Ber Rune	All Resistances +13% | Magic Resistance +39% | Armor +39 | Life +26 | Light Radius +1	Mal Rune: damage taken -7 | Ber Rune: damage taken -8
Iron Gambit	1	Vex Rune Zod Rune	All Resistances +14% | Armor +42 | Life +28 | Vitality +28 | Faster hit recovery	Vex Rune: +5% fire resist | Zod Rune: indestructible
Kindled Harbour	1	Sur Rune Tir Rune	All Resistances +8% | Magic Resistance +24% | Armor +24 | Life +16 | Light Radius +1	Sur Rune: +50 mana | Tir Rune: +2 mana per kill
Lost Herald	1	Jah Rune Eth Rune	All Resistances +8% | Armor +24 | Life +16 | Damage Reduced +8 | Faster hit recovery	Jah Rune: +20 armor | Eth Rune: +10 mana
Molten Keening	1	El Rune Ort Rune Lum Rune	All Resistances +6% | Magic Resistance +18% | Armor +18 | Life +12 | Faster hit recovery	El Rune: +15 armor, +1 light radius | Ort Rune: +35% lightning resist | Lum Rune: +10 magic
Pale Lantern	1	Nef Rune Sol Rune Lem Rune	All Resistances +8% | Lightning Resistance +24% | Armor +24 | Life +16 | Vitality +16	Nef Rune: damage taken -3 | Sol Rune: damage taken -7 | Lem Rune: +75% gold find
Quiet Ledger	1	Ral Rune Io Rune Ist Rune	All Resistances +11% | Lightning Resistance +33% | Armor +33 | Life +22 | Faster block	Ral Rune: +35% fire resist | Io Rune: +10 vitality | Ist Rune: +30% magic find
Ragged Litany	1	Amn Rune Fal Rune Ohm Rune	All Resistances +14% | Magic Resistance +40% | Armor +42 | Life +28 | Faster hit recovery	Amn Rune: attackers take damage | Fal Rune: +10 strength | Ohm Rune: +5% magic resist
Riven Mandate	1	Dol Rune Um Rune Ber Rune	All Resistances +16% | Lightning Resistance +40% | Armor +48 | Life +32 | Vitality +32	Dol Rune: +10 mana | Um Rune: +22% fire resist, +22% lightning resist, +22% magic resist | Ber Rune: damage taken -8
Salt Mercy	1	Lum Rune Gul Rune Zod Rune	All Resistances +18% | Armor +54 | Life +36 | Faster hit recovery, attackers take damage	Lum Rune: +10 magic | Gul Rune: +5% magic resist | Zod Rune: indestructible
Shattered Omen	1	Pul Rune Sur Rune Nef Rune	All Resistances +13% | Armor +39 | Life +26 | Gold Find +78% | Light Radius +1	Pul Rune: +25 armor | Sur Rune: +50 mana | Nef Rune: damage taken -3
Silent Pact	1	Ist Rune Cham Rune Tal Rune	All Resistances +15% | Magic Resistance +40% | Armor +45 | Life +30 | Faster block	Ist Rune: +30% magic find | Cham Rune: +10% magic resist | Tal Rune: +35% magic resist
Sable Parable	1	Ohm Rune Eld Rune Thul Rune	All Resistances +9% | Fire Resistance +27% | Magic Resistance +27% | Armor +27 | Life +18	Ohm Rune: +5% magic resist | Eld Rune: +7 armor, faster block | Thul Rune: +35% magic resist
Storm Reckoning	1	Jah Rune Ith Rune Dol Rune	All Resistances +12% | Fire Resistance +36% | Armor +36 | Life +24 | Gold Find +72%	Jah Rune: +20 armor | Ith Rune: +8 mana | Dol Rune: +10 mana
Sunless Refrain	1	El Rune Amn Rune Pul Rune Jah Rune	All Resistances +15% | Lightning Resistance +40% | Magic Resistance +40% | Armor +45 | Life +30	El Rune: +15 armor, +1 light radius | Amn Rune: attackers take damage | Pul Rune: +25 armor | Jah Rune: +20 armor
Thorn Sentinel	1	Eth Rune Hel Rune Gul Rune Eld Rune	All Resistances +11% | Lightning Resistance +33% | Armor +33 | Life +22 | Damage Reduced +11	Eth Rune: +10 mana | Hel Rune: requirements -20% | Gul Rune: +5% magic resist | Eld Rune: +7 armor, faster block
Tidal Signet	1	Ral Rune Ko Rune Lo Rune Eth Rune	All Resistances +14% | Fire Resistance +40% | Armor +42 | Life +28 | Faster block	Ral Rune: +35% fire resist | Ko Rune: +10 dexterity | Lo Rune: +5% lightning resist | Eth Rune: +10 mana
Vigil Sojourn	1	Sol Rune Um Rune Cham Rune Ort Rune	All Resistances +18% | Armor +54 | Life +36 | Light Radius +1 | Attackers take damage	Sol Rune: damage taken -7 | Um Rune: +22% fire resist, +22% lightning resist, +22% magic resist | Cham Rune: +10% magic resist | Ort Rune: +35% lightning resist
Waking Tally	1	Io Rune Vex Rune Tir Rune Shael Rune	All Resistances +14% | Armor +42 | Life +28 | Gold Find +84% | Faster hit recovery	Io Rune: +10 vitality | Vex Rune: +5% fire resist | Tir Rune: +2 mana per kill | Shael Rune: faster block
Wan Tenet	1	Fal Rune Sur Rune Ith Rune Io Rune	All Resistances +16% | Fire Resistance +40% | Armor +48 | Life +32 | Faster block	Fal Rune: +10 strength | Sur Rune: +50 mana | Ith Rune: +8 mana | Io Rune: +10 vitality
Wither Threnody	1	Mal Rune Zod Rune Thul Rune Lem Rune	All Resistances +20% | Armor +60 | Life +40 | Light Radius +1 | Attackers take damage	Mal Rune: damage taken -7 | Zod Rune: indestructible | Thul Rune: +35% magic resist | Lem Rune: +75% gold find
Wrought Verdict	1	Ohm Rune Nef Rune Dol Rune Ist Rune	All Resistances +16% | Armor +48 | Life +32 | Vitality +32 | Faster block	Ohm Rune: +5% magic resist | Nef Rune: damage taken -3 | Dol Rune: +10 mana | Ist Rune: +30% magic find
Ashen Vigil	1	Ber Rune Tal Rune Lum Rune Ohm Rune	All Resistances +19% | Armor +57 | Life +38 | Vitality +38 | Faster hit recovery	Ber Rune: damage taken -8 | Tal Rune: +35% magic resist | Lum Rune: +10 magic | Ohm Rune: +5% magic resist
Bitter Warrant	2	El Rune Ral Rune	All Resistances +2% | Armor +8 | Life +6 | Dexterity +4 | Faster hit recovery	El Rune: +15 armor, +1 light radius | Ral Rune: +30% fire resist
Bleak Accord	2	Nef Rune Amn Rune	All Resistances +2% | Fire Resistance +9% | Armor +12 | Life +9 | Magic Find +12%	Nef Rune: damage taken -3 | Amn Rune: attackers take damage
Burning Anthem	2	Tal Rune Dol Rune	All Resistances +4% | Armor +20 | Life +15 | Vitality +10 | Light Radius +1	Tal Rune: +30% magic resist | Dol Rune: +10 life
Cinder Bargain	2	Ort Rune Io Rune	All Resistances +5% | Magic Resistance +18% | Armor +24 | Life +18 | Magic +12	Ort Rune: +30% lightning resist | Io Rune: +10 vitality
Cold Bulwark	2	Sol Rune Fal Rune	All Resistances +6% | Armor +28 | Life +21 | Strength +14 | Attackers take damage	Sol Rune: damage taken -7 | Fal Rune: +10 strength
Crimson Cadence	2	Hel Rune Um Rune	All Resistances +7% | Fire Resistance +27% | Armor +36 | Life +27 | Gold Find +72%	Hel Rune: requirements -20% | Um Rune: +15% fire resist, +15% lightning resist, +15% magic resist
Dread Charter	2	Lum Rune Ist Rune	All Resistances +8% | Fire Resistance +30% | Armor +40 | Life +30 | Magic Find +40%	Lum Rune: +10 magic | Ist Rune: +30% magic find
Dusk Compass	2	Lem Rune Ohm Rune	All Resistances +9% | Armor +44 | Life +33 | Vitality +22 | Light Radius +1	Lem Rune: +75% gold find | Ohm Rune: +5% magic resist
Ember Covenant	2	Mal Rune Ber Rune	All Resistances +10% | Armor +52 | Life +39 | Vitality +26 | Light Radius +1	Mal Rune: damage taken -7 | Ber Rune: damage taken -8
Fell Creed	2	Vex Rune Zod Rune	All Resistances +11% | Fire Resistance +40% | Armor +56 | Life +42 | Magic Find +56%	Vex Rune: +5% fire resist | Zod Rune: indestructible
Grave Dirge	2	Sur Rune Tir Rune	All Resistances +6% | Armor +32 | Life +24 | Magic +16 | Damage Reduced +8	Sur Rune: +50 mana | Tir Rune: +2 mana per kill
Grim Ember	2	Jah Rune Eth Rune	All Resistances +6% | Armor +32 | Life +24 | Magic +16 | Damage Reduced +8	Jah Rune: +50 life | Eth Rune: +10 mana
Hollow Errand	2	El Rune Ort Rune Lum Rune	All Resistances +5% | Armor +24 | Life +18 | Strength +12 | Dexterity +12	El Rune: +15 armor, +1 light radius | Ort Rune: +30% lightning resist | Lum Rune: +10 magic
Iron Fetter	2	Nef Rune Sol Rune Lem Rune	All Resistances +6% | Armor +32 | Life +24 | Gold Find +64% | Faster hit recovery	Nef Rune: damage taken -3 | Sol Rune: damage taken -7 | Lem Rune: +75% gold find
Kindled Gambit	2	Ral Rune Io Rune Ist Rune	All Resistances +9% | Lightning Resistance +33% | Armor +44 | Life +33 | Light Radius +1	Ral Rune: +30% fire resist | Io Rune: +10 vitality | Ist Rune: +30% magic find
Lost Harbour	2	Amn Rune Fal Rune Ohm Rune	All Resistances +11% | Armor +56 | Life +42 | Strength +28 | Magic +28	Amn Rune: attackers take damage | Fal Rune: +10 strength | Ohm Rune: +5% magic resist
Molten Herald	2	Dol Rune Um Rune Ber Rune	All Resistances +13% | Armor +64 | Life +48 | Strength +32 | Dexterity +32	Dol Rune: +10 life | Um Rune: +15% fire resist, +15% lightning resist, +15% magic resist | Ber Rune: damage taken -8
Pale Keening	2	Lum Rune Gul Rune Zod Rune	All Resistances +14% | Armor +72 | Life +54 | Gold Find +144% | Faster hit recovery	Lum Rune: +10 magic | Gul Rune: +5% magic resist | Zod Rune: indestructible
Quiet Lantern	2	Pul Rune Sur Rune Nef Rune	All Resistances +10% | Armor +52 | Life +39 | Vitality +26 | Damage Reduced +13	Pul Rune: +25 armor | Sur Rune: +50 mana | Nef Rune: damage taken -3
Ragged Ledger	2	Ist Rune Cham Rune Tal Rune	All Resistances +12% | Armor +60 | Life +45 | Dexterity +30 | Magic +30	Ist Rune: +30% magic find | Cham Rune: +10% magic resist | Tal Rune: +30% magic resist
Riven Litany	2	Ohm Rune Eld Rune Thul Rune	All Resistances +7% | Magic Resistance +27% | Armor +36 | Life +27 | Magic +18	Ohm Rune: +5% magic resist | Eld Rune: +10 life | Thul Rune: +30% magic resist
Salt Mandate	2	Jah Rune Ith Rune Dol Rune	All Resistances +10% | Armor +48 | Life +36 | Magic Find +48% | Gold Find +96%	Jah Rune: +50 life | Ith Rune: +8 mana | Dol Rune: +10 life
Shattered Mercy	2	El Rune Amn Rune Pul Rune Jah Rune	All Resistances +12% | Armor +60 | Life +45 | Magic +30 | Gold Find +120%	El Rune: +15 armor, +1 light radius | Amn Rune: attackers take damage | Pul Rune: +25 armor | Jah Rune: +50 life
Silent Omen	2	Eth Rune Hel Rune Gul Rune Eld Rune	All Resistances +9% | Armor +44 | Life +33 | Magic +22 | Damage Reduced +11	Eth Rune: +10 mana | Hel Rune: requirements -20% | Gul Rune: +5% magic resist | Eld Rune: +10 life
Sable Pact	2	Ral Rune Ko Rune Lo Rune Eth Rune	All Resistances +11% | Armor +56 | Life +42 | Strength +28 | Attackers take damage	Ral Rune: +30% fire resist | Ko Rune: +10 dexterity | Lo Rune: +5% lightning resist | Eth Rune: +10 mana
Storm Parable	2	Sol Rune Um Rune Cham Rune Ort Rune	All Resistances +14% | Armor +72 | Life +54 | Light Radius +1 | Faster hit recovery	Sol Rune: damage taken -7 | Um Rune: +15% fire resist, +15% lightning resist, +15% magic resist | Cham Rune: +10% magic resist | Ort Rune: +30% lightning resist
Sunless Reckoning	2	Io Rune Vex Rune Tir Rune Shael Rune	All Resistances +11% | Armor +56 | Life +42 | Strength +28 | Light Radius +1	Io Rune: +10 vitality | Vex Rune: +5% fire resist | Tir Rune: +2 mana per kill | Shael Rune: faster hit recovery
Thorn Refrain	2	Fal Rune Sur Rune Ith Rune Io Rune	All Resistances +13% | Lightning Resistance +40% | Armor +64 | Life +48 | Magic Find +64%	Fal Rune: +10 strength | Sur Rune: +50 mana | Ith Rune: +8 mana | Io Rune: +10 vitality
Tidal Sentinel	2	Mal Rune Zod Rune Thul Rune Lem Rune	All Resistances +16% | Fire Resistance +40% | Armor +80 | Life +60 | Damage Reduced +20	Mal Rune: damage taken -7 | Zod Rune: indestructible | Thul Rune: +30% magic resist | Lem Rune: +75% gold find
Vigil Signet	2	Ohm Rune Nef Rune Dol Rune Ist Rune	All Resistances +13% | Armor +64 | Life +48 | Magic Find +64% | Damage Reduced +16	Ohm Rune: +5% magic resist | Nef Rune: damage taken -3 | Dol Rune: +10 life | Ist Rune: +30% magic find
Waking Sojourn	2	Ber Rune Tal Rune Lum Rune Ohm Rune	All Resistances +15% | Armor +76 | Life +57 | Dexterity +38 | Vitality +38	Ber Rune: damage taken -8 | Tal Rune: +30% magic resist | Lum Rune: +10 magic | Ohm Rune: +5% magic resist
Wan Tally	2	El Rune Dol Rune Ohm Rune Tal Rune Lem Rune	All Resistances +13% | Armor +64 | Life +48 | Vitality +32 | Magic Find +64%	El Rune: +15 armor, +1 light radius | Dol Rune: +10 life | Ohm Rune: +5% magic resist | Tal Rune: +30% magic resist | Lem Rune: +75% gold find
Wither Tenet	2	Ral Rune Pul Rune El Rune Dol Rune Ohm Rune	All Resistances +13% | Lightning Resistance +40% | Armor +64 | Life +48 | Magic Find +64%	Ral Rune: +30% fire resist | Pul Rune: +25 armor | El Rune: +15 armor, +1 light radius | Dol Rune: +10 life | Ohm Rune: +5% magic resist
Wrought Threnody	2	Dol Rune Ohm Rune Tal Rune Lem Rune Zod Rune	All Resistances +19% | Fire Resistance +40% | Lightning Resistance +40% | Armor +96 | Life +72	Dol Rune: +10 life | Ohm Rune: +5% magic resist | Tal Rune: +30% magic resist | Lem Rune: +75% gold find | Zod Rune: indestructible
Ashen Verdict	2	Pul Rune El Rune Dol Rune Ohm Rune Tal Rune	All Resistances +13% | Armor +64 | Life +48 | Magic Find +64% | Gold Find +128%	Pul Rune: +25 armor | El Rune: +15 armor, +1 light radius | Dol Rune: +10 life | Ohm Rune: +5% magic resist | Tal Rune: +30% magic resist
Bitter Vigil	2	Ohm Rune Tal Rune Lem Rune Zod Rune Shael Rune	All Resistances +19% | Lightning Resistance +40% | Armor +96 | Life +72 | Damage Reduced +24	Ohm Rune: +5% magic resist | Tal Rune: +30% magic resist | Lem Rune: +75% gold find | Zod Rune: indestructible | Shael Rune: faster hit recovery
Bleak Warrant	2	El Rune Hel Rune Sur Rune Thul Rune Ist Rune Eth Rune	All Resistances +16% | Fire Resistance +40% | Armor +80 | Life +60 | Magic Find +80%	El Rune: +15 armor, +1 light radius | Hel Rune: requirements -20% | Sur Rune: +50 mana | Thul Rune: +30% magic resist | Ist Rune: +30% magic find | Eth Rune: +10 mana
Burning Accord	2	Ort Rune Mal Rune Nef Rune Ko Rune Cham Rune Shael Rune	All Resistances +18% | Armor +92 | Life +69 | Strength +46 | Vitality +46	Ort Rune: +30% lightning resist | Mal Rune: damage taken -7 | Nef Rune: damage taken -3 | Ko Rune: +10 dexterity | Cham Rune: +10% magic resist | Shael Rune: faster hit recovery
Cinder Anthem	2	Lum Rune Jah Rune Sol Rune Vex Rune Tal Rune Pul Rune	All Resistances +22% | Lightning Resistance +40% | Armor +108 | Life +81 | Damage Reduced +27	Lum Rune: +10 magic | Jah Rune: +50 life | Sol Rune: damage taken -7 | Vex Rune: +5% fire resist | Tal Rune: +30% magic resist | Pul Rune: +25 armor
Cold Bargain	2	Vex Rune Tal Rune Pul Rune Eld Rune Io Rune Ber Rune	All Resistances +19% | Fire Resistance +40% | Armor +96 | Life +72 | Attackers take damage	Vex Rune: +5% fire resist | Tal Rune: +30% magic resist | Pul Rune: +25 armor | Eld Rune: +10 life | Io Rune: +10 vitality | Ber Rune: damage taken -8
Crimson Bulwark	3	El Rune Ral Rune	Armor +4 | Mana +6 | Dexterity +4 | Faster hit recovery	El Rune: +15 armor, +1 light radius | Ral Rune: +30% fire resist
Dread Cadence	3	Nef Rune Amn Rune	Fire Resistance +9% | Armor +6 | Spell Levels +1 | Mana +9 | Magic Find +12%	Nef Rune: damage taken -3 | Amn Rune: attackers take damage
Dusk Charter	3	Tal Rune Dol Rune	Armor +10 | Spell Levels +1 | Mana +15 | Vitality +10 | Light Radius +1	Tal Rune: +30% magic resist | Dol Rune: +10 life
Ember Compass	3	Ort Rune Io Rune	Magic Resistance +18% | Armor +12 | Spell Levels +1 | Mana +18 | Magic +12	Ort Rune: +30% lightning resist | Io Rune: +10 vitality
Fell Covenant	3	Sol Rune Fal Rune	Armor +14 | Spell Levels +1 | Mana +21 | Strength +14 | Attackers take damage	Sol Rune: damage taken -7 | Fal Rune: +10 strength
Grave Creed	3	Hel Rune Um Rune	Fire Resistance +27% | Armor +18 | Spell Levels +1 | Mana +27 | Gold Find +72%	Hel Rune: requirements -20% | Um Rune: +15% fire resist, +15% lightning resist, +15% magic resist
Grim Dirge	3	Lum Rune Ist Rune	Fire Resistance +30% | Armor +20 | Spell Levels +1 | Mana +30 | Magic Find +40%	Lum Rune: +10 magic | Ist Rune: +30% magic find
Hollow Ember	3	Lem Rune Ohm Rune	Armor +22 | Spell Levels +2 | Mana +33 | Vitality +22 | Light Radius +1	Lem Rune: +75% gold find | Ohm Rune: +5% magic resist
Iron Errand	3	Mal Rune Ber Rune	Armor +26 | Spell Levels +2 | Mana +39 | Vitality +26 | Light Radius +1	Mal Rune: damage taken -7 | Ber Rune: damage taken -8
Kindled Fetter	3	Vex Rune Zod Rune	Fire Resistance +40% | Armor +28 | Spell Levels +2 | Mana +42 | Magic Find +56%	Vex Rune: +5% fire resist | Zod Rune: indestructible
Lost Gambit	3	Sur Rune Tir Rune	Armor +16 | Spell Levels +2 | Mana +24 | Magic +16 | Damage Reduced +8	Sur Rune: +50 mana | Tir Rune: +2 mana per kill
Molten Harbour	3	Jah Rune Eth Rune	Armor +16 | Spell Levels +2 | Mana +24 | Magic +16 | Damage Reduced +8	Jah Rune: +50 life | Eth Rune: +10 mana
Pale Herald	3	El Rune Ort Rune Lum Rune	Armor +12 | Spell Levels +1 | Mana +18 | Strength +12 | Dexterity +12	El Rune: +15 armor, +1 light radius | Ort Rune: +30% lightning resist | Lum Rune: +10 magic
Quiet Keening	3	Nef Rune Sol Rune Lem Rune	Armor +16 | Spell Levels +1 | Mana +24 | Gold Find +64% | Faster hit recovery	Nef Rune: damage taken -3 | Sol Rune: damage taken -7 | Lem Rune: +75% gold find
Ragged Lantern	3	Ral Rune Io Rune Ist Rune	Lightning Resistance +33% | Armor +22 | Spell Levels +1 | Mana +33 | Light Radius +1	Ral Rune: +30% fire resist | Io Rune: +10 vitality | Ist Rune: +30% magic find
Riven Ledger	3	Amn Rune Fal Rune Ohm Rune	Armor +28 | Spell Levels +2 | Mana +42 | Strength +28 | Magic +28	Amn Rune: attackers take damage | Fal Rune: +10 strength | Ohm Rune: +5% magic resist
Salt Litany	3	Dol Rune Um Rune Ber Rune	Armor +32 | Spell Levels +2 | Mana +48 | Strength +32 | Dexterity +32	Dol Rune: +10 life | Um Rune: +15% fire resist, +15% lightning resist, +15% magic resist | Ber Rune: damage taken -8
Shattered Mandate	3	Lum Rune Gul Rune Zod Rune	Armor +36 | Spell Levels +2 | Mana +54 | Gold Find +144% | Faster hit recovery	Lum Rune: +10 magic | Gul Rune: +5% magic resist | Zod Rune: indestructible
Silent Mercy	3	Pul Rune Sur Rune Nef Rune	Armor +26 | Spell Levels +2 | Mana +39 | Vitality +26 | Damage Reduced +13	Pul Rune: +25 armor | Sur Rune: +50 mana | Nef Rune: damage taken -3
Sable Omen	3	Ist Rune Cham Rune Tal Rune	Armor +30 | Spell Levels +2 | Mana +45 | Dexterity +30 | Magic +30	Ist Rune: +30% magic find | Cham Rune: +10% magic resist | Tal Rune: +30% magic resist
Storm Pact	3	Ohm Rune Eld Rune Thul Rune	Magic Resistance +27% | Armor +18 | Spell Levels +2 | Mana +27 | Magic +18	Ohm Rune: +5% magic resist | Eld Rune: +10 life | Thul Rune: +30% magic resist
Sunless Parable	3	Jah Rune Ith Rune Dol Rune	Armor +24 | Spell Levels +2 | Mana +36 | Magic Find +48% | Gold Find +96%	Jah Rune: +50 life | Ith Rune: +8 mana | Dol Rune: +10 life
Thorn Reckoning	3	El Rune Amn Rune Pul Rune Jah Rune	Armor +30 | Spell Levels +2 | Mana +45 | Magic +30 | Gold Find +120%	El Rune: +15 armor, +1 light radius | Amn Rune: attackers take damage | Pul Rune: +25 armor | Jah Rune: +50 life
Tidal Refrain	3	Eth Rune Hel Rune Gul Rune Eld Rune	Armor +22 | Spell Levels +2 | Mana +33 | Magic +22 | Damage Reduced +11	Eth Rune: +10 mana | Hel Rune: requirements -20% | Gul Rune: +5% magic resist | Eld Rune: +10 life
Vigil Sentinel	3	Ral Rune Ko Rune Lo Rune Eth Rune	Armor +28 | Spell Levels +2 | Mana +42 | Strength +28 | Attackers take damage	Ral Rune: +30% fire resist | Ko Rune: +10 dexterity | Lo Rune: +5% lightning resist | Eth Rune: +10 mana
Waking Signet	3	Sol Rune Um Rune Cham Rune Ort Rune	Armor +36 | Spell Levels +2 | Mana +54 | Light Radius +1 | Faster hit recovery	Sol Rune: damage taken -7 | Um Rune: +15% fire resist, +15% lightning resist, +15% magic resist | Cham Rune: +10% magic resist | Ort Rune: +30% lightning resist
Wan Sojourn	3	Io Rune Vex Rune Tir Rune Shael Rune	Armor +28 | Spell Levels +2 | Mana +42 | Strength +28 | Light Radius +1	Io Rune: +10 vitality | Vex Rune: +5% fire resist | Tir Rune: +2 mana per kill | Shael Rune: faster hit recovery
Wither Tally	3	Fal Rune Sur Rune Ith Rune Io Rune	Lightning Resistance +40% | Armor +32 | Spell Levels +2 | Mana +48 | Magic Find +64%	Fal Rune: +10 strength | Sur Rune: +50 mana | Ith Rune: +8 mana | Io Rune: +10 vitality
Wrought Tenet	3	Mal Rune Zod Rune Thul Rune Lem Rune	Fire Resistance +40% | Armor +40 | Spell Levels +2 | Mana +60 | Damage Reduced +20	Mal Rune: damage taken -7 | Zod Rune: indestructible | Thul Rune: +30% magic resist | Lem Rune: +75% gold find
Ashen Threnody	3	Ohm Rune Nef Rune Dol Rune Ist Rune	Armor +32 | Spell Levels +2 | Mana +48 | Magic Find +64% | Damage Reduced +16	Ohm Rune: +5% magic resist | Nef Rune: damage taken -3 | Dol Rune: +10 life | Ist Rune: +30% magic find
Bitter Verdict	3	Ber Rune Tal Rune Lum Rune Ohm Rune	Armor +38 | Spell Levels +2 | Mana +57 | Dexterity +38 | Vitality +38	Ber Rune: damage taken -8 | Tal Rune: +30% magic resist | Lum Rune: +10 magic | Ohm Rune: +5% magic resist
Bleak Vigil	4	El Rune Ral Rune	All Resistances +1% | Armor +4 | Life +4 | Dexterity +4 | Faster hit recovery	El Rune: +15 armor, +1 light radius | Ral Rune: +30% fire resist
Burning Warrant	4	Nef Rune Amn Rune	All Resistances +2% | Fire Resistance +9% | Armor +6 | Life +6 | Magic Find +12%	Nef Rune: damage taken -3 | Amn Rune: attackers take damage
Cinder Accord	4	Tal Rune Dol Rune	All Resistances +3% | Armor +10 | Life +10 | Vitality +10 | Light Radius +1	Tal Rune: +30% magic resist | Dol Rune: +10 life
Cold Anthem	4	Ort Rune Io Rune	All Resistances +4% | Magic Resistance +18% | Armor +12 | Life +12 | Magic +12	Ort Rune: +30% lightning resist | Io Rune: +10 vitality
Crimson Bargain	4	Sol Rune Fal Rune	All Resistances +4% | Armor +14 | Life +14 | Strength +14 | Attackers take damage	Sol Rune: damage taken -7 | Fal Rune: +10 strength
Dread Bulwark	4	Hel Rune Um Rune	All Resistances +5% | Fire Resistance +27% | Armor +18 | Life +18 | Gold Find +72%	Hel Rune: requirements -20% | Um Rune: +15% fire resist, +15% lightning resist, +15% magic resist
Dusk Cadence	4	Lum Rune Ist Rune	All Resistances +6% | Fire Resistance +30% | Armor +20 | Life +20 | Magic Find +40%	Lum Rune: +10 magic | Ist Rune: +30% magic find
Ember Charter	4	Lem Rune Ohm Rune	All Resistances +7% | Armor +22 | Life +22 | Vitality +22 | Light Radius +1	Lem Rune: +75% gold find | Ohm Rune: +5% magic resist
Fell Compass	4	Mal Rune Ber Rune	All Resistances +8% | Armor +26 | Life +26 | Vitality +26 | Light Radius +1	Mal Rune: damage taken -7 | Ber Rune: damage taken -8
Grave Covenant	4	Vex Rune Zod Rune	All Resistances +8% | Fire Resistance +40% | Armor +28 | Life +28 | Magic Find +56%	Vex Rune: +5% fire resist | Zod Rune: indestructible
Grim Creed	4	Sur Rune Tir Rune	All Resistances +5% | Armor +16 | Life +16 | Magic +16 | Damage Reduced +8	Sur Rune: +50 mana | Tir Rune: +2 mana per kill
Hollow Dirge	4	Jah Rune Eth Rune	All Resistances +5% | Armor +16 | Life +16 | Magic +16 | Damage Reduced +8	Jah Rune: +50 life | Eth Rune: +10 mana
Iron Ember	4	El Rune Ort Rune Lum Rune	All Resistances +4% | Armor +12 | Life +12 | Strength +12 | Dexterity +12	El Rune: +15 armor, +1 light radius | Ort Rune: +30% lightning resist | Lum Rune: +10 magic
Kindled Errand	4	Nef Rune Sol Rune Lem Rune	All Resistances +5% | Armor +16 | Life +16 | Gold Find +64% | Faster hit recovery	Nef Rune: damage taken -3 | Sol Rune: damage taken -7 | Lem Rune: +75% gold find
Lost Fetter	4	Ral Rune Io Rune Ist Rune	All Resistances +7% | Lightning Resistance +33% | Armor +22 | Life +22 | Light Radius +1	Ral Rune: +30% fire resist | Io Rune: +10 vitality | Ist Rune: +30% magic find
Molten Gambit	4	Amn Rune Fal Rune Ohm Rune	All Resistances +8% | Armor +28 | Life +28 | Strength +28 | Magic +28	Amn Rune: attackers take damage | Fal Rune: +10 strength | Ohm Rune: +5% magic resist
Pale Harbour	4	Dol Rune Um Rune Ber Rune	All Resistances +10% | Armor +32 | Life +32 | Strength +32 | Dexterity +32	Dol Rune: +10 life | Um Rune: +15% fire resist, +15% lightning resist, +15% magic resist | Ber Rune: damage taken -8
Quiet Herald	4	Lum Rune Gul Rune Zod Rune	All Resistances +11% | Armor +36 | Life +36 | Gold Find +144% | Faster hit recovery	Lum Rune: +10 magic | Gul Rune: +5% magic resist | Zod Rune: indestructible
Ragged Keening	4	Pul Rune Sur Rune Nef Rune	All Resistances +8% | Armor +26 | Life +26 | Vitality +26 | Damage Reduced +13	Pul Rune: +25 armor | Sur Rune: +50 mana | Nef Rune: damage taken -3
Riven Lantern	4	Ist Rune Cham Rune Tal Rune	All Resistances +9% | Armor +30 | Life +30 | Dexterity +30 | Magic +30	Ist Rune: +30% magic find | Cham Rune: +10% magic resist | Tal Rune: +30% magic resist
Salt Ledger	4	Ohm Rune Eld Rune Thul Rune	All Resistances +5% | Magic Resistance +27% | Armor +18 | Life +18 | Magic +18	Ohm Rune: +5% magic resist | Eld Rune: +10 life | Thul Rune: +30% magic resist
Shattered Litany	4	Jah Rune Ith Rune Dol Rune	All Resistances +7% | Armor +24 | Life +24 | Magic Find +48% | Gold Find +96%	Jah Rune: +50 life | Ith Rune: +8 mana | Dol Rune: +10 life
Silent Mandate	4	El Rune Amn Rune Pul Rune Jah Rune	All Resistances +9% | Armor +30 | Life +30 | Magic +30 | Gold Find +120%	El Rune: +15 armor, +1 light radius | Amn Rune: attackers take damage | Pul Rune: +25 armor | Jah Rune: +50 life
Sable Mercy	4	Eth Rune Hel Rune Gul Rune Eld Rune	All Resistances +7% | Armor +22 | Life +22 | Magic +22 | Damage Reduced +11	Eth Rune: +10 mana | Hel Rune: requirements -20% | Gul Rune: +5% magic resist | Eld Rune: +10 life
Storm Omen	4	Ral Rune Ko Rune Lo Rune Eth Rune	All Resistances +8% | Armor +28 | Life +28 | Strength +28 | Attackers take damage	Ral Rune: +30% fire resist | Ko Rune: +10 dexterity | Lo Rune: +5% lightning resist | Eth Rune: +10 mana
Sunless Pact	4	Sol Rune Um Rune Cham Rune Ort Rune	All Resistances +11% | Armor +36 | Life +36 | Light Radius +1 | Faster hit recovery	Sol Rune: damage taken -7 | Um Rune: +15% fire resist, +15% lightning resist, +15% magic resist | Cham Rune: +10% magic resist | Ort Rune: +30% lightning resist
Thorn Parable	4	Io Rune Vex Rune Tir Rune Shael Rune	All Resistances +8% | Armor +28 | Life +28 | Strength +28 | Light Radius +1	Io Rune: +10 vitality | Vex Rune: +5% fire resist | Tir Rune: +2 mana per kill | Shael Rune: faster hit recovery
Tidal Reckoning	4	Fal Rune Sur Rune Ith Rune Io Rune	All Resistances +10% | Lightning Resistance +40% | Armor +32 | Life +32 | Magic Find +64%	Fal Rune: +10 strength | Sur Rune: +50 mana | Ith Rune: +8 mana | Io Rune: +10 vitality
Vigil Refrain	4	Mal Rune Zod Rune Thul Rune Lem Rune	All Resistances +12% | Fire Resistance +40% | Armor +40 | Life +40 | Damage Reduced +20	Mal Rune: damage taken -7 | Zod Rune: indestructible | Thul Rune: +30% magic resist | Lem Rune: +75% gold find
Waking Sentinel	4	Ohm Rune Nef Rune Dol Rune Ist Rune	All Resistances +10% | Armor +32 | Life +32 | Magic Find +64% | Damage Reduced +16	Ohm Rune: +5% magic resist | Nef Rune: damage taken -3 | Dol Rune: +10 life | Ist Rune: +30% magic find
Wan Signet	4	Ber Rune Tal Rune Lum Rune Ohm Rune	All Resistances +11% | Armor +38 | Life +38 | Dexterity +38 | Vitality +38	Ber Rune: damage taken -8 | Tal Rune: +30% magic resist | Lum Rune: +10 magic | Ohm Rune: +5% magic resist
Wither Sojourn	5	El Rune Ral Rune	To Hit +4% | Armor +2 | Mana +4 | Dexterity +4 | Faster hit recovery	El Rune: +15 armor, +1 light radius | Ral Rune: +30% fire resist
Wrought Tally	5	Nef Rune Amn Rune	To Hit +6% | Fire Resistance +9% | Armor +3 | Mana +6 | Magic Find +12%	Nef Rune: damage taken -3 | Amn Rune: attackers take damage
Ashen Tenet	5	Tal Rune Dol Rune	To Hit +10% | Armor +5 | Mana +10 | Vitality +10 | Light Radius +1	Tal Rune: +30% magic resist | Dol Rune: +10 life
Bitter Threnody	5	Ort Rune Io Rune	To Hit +12% | Magic Resistance +18% | Armor +6 | Mana +12 | Magic +12	Ort Rune: +30% lightning resist | Io Rune: +10 vitality
Bleak Verdict	5	Sol Rune Fal Rune	To Hit +14% | Armor +7 | Mana +14 | Strength +14 | Attackers take damage	Sol Rune: damage taken -7 | Fal Rune: +10 strength
Burning Vigil	5	Hel Rune Um Rune	To Hit +18% | Fire Resistance +27% | Armor +9 | Mana +18 | Gold Find +72%	Hel Rune: requirements -20% | Um Rune: +15% fire resist, +15% lightning resist, +15% magic resist
Cinder Warrant	5	Lum Rune Ist Rune	To Hit +20% | Fire Resistance +30% | Armor +10 | Mana +20 | Magic Find +40%	Lum Rune: +10 magic | Ist Rune: +30% magic find
Cold Accord	5	Lem Rune Ohm Rune	To Hit +22% | Armor +11 | Mana +22 | Vitality +22 | Light Radius +1	Lem Rune: +75% gold find | Ohm Rune: +5% magic resist
Crimson Anthem	5	Mal Rune Ber Rune	To Hit +26% | Armor +13 | Mana +26 | Vitality +26 | Light Radius +1	Mal Rune: damage taken -7 | Ber Rune: damage taken -8
Dread Bargain	5	Vex Rune Zod Rune	To Hit +28% | Fire Resistance +40% | Armor +14 | Mana +28 | Magic Find +56%	Vex Rune: +5% fire resist | Zod Rune: indestructible
Dusk Bulwark	5	Sur Rune Tir Rune	To Hit +16% | Armor +8 | Mana +16 | Magic +16 | Damage Reduced +8	Sur Rune: +50 mana | Tir Rune: +2 mana per kill
Ember Cadence	5	Jah Rune Eth Rune	To Hit +16% | Armor +8 | Mana +16 | Magic +16 | Damage Reduced +8	Jah Rune: +50 life | Eth Rune: +10 mana
Fell Charter	5	El Rune Ort Rune Lum Rune	To Hit +12% | Armor +6 | Mana +12 | Strength +12 | Dexterity +12	El Rune: +15 armor, +1 light radius | Ort Rune: +30% lightning resist | Lum Rune: +10 magic
Grave Compass	5	Nef Rune Sol Rune Lem Rune	To Hit +16% | Armor +8 | Mana +16 | Gold Find +64% | Faster hit recovery	Nef Rune: damage taken -3 | Sol Rune: damage taken -7 | Lem Rune: +75% gold find
Grim Covenant	5	Ral Rune Io Rune Ist Rune	To Hit +22% | Lightning Resistance +33% | Armor +11 | Mana +22 | Light Radius +1	Ral Rune: +30% fire resist | Io Rune: +10 vitality | Ist Rune: +30% magic find
Hollow Creed	5	Amn Rune Fal Rune Ohm Rune	To Hit +28% | Armor +14 | Mana +28 | Strength +28 | Magic +28	Amn Rune: attackers take damage | Fal Rune: +10 strength | Ohm Rune: +5% magic resist
Iron Dirge	5	Dol Rune Um Rune Ber Rune	To Hit +32% | Armor +16 | Mana +32 | Strength +32 | Dexterity +32	Dol Rune: +10 life | Um Rune: +15% fire resist, +15% lightning resist, +15% magic resist | Ber Rune: damage taken -8
Kindled Ember	5	Lum Rune Gul Rune Zod Rune	To Hit +36% | Armor +18 | Mana +36 | Gold Find +144% | Faster hit recovery	Lum Rune: +10 magic | Gul Rune: +5% magic resist | Zod Rune: indestructible
Lost Errand	5	Pul Rune Sur Rune Nef Rune	To Hit +26% | Armor +13 | Mana +26 | Vitality +26 | Damage Reduced +13	Pul Rune: +25 armor | Sur Rune: +50 mana | Nef Rune: damage taken -3
Molten Fetter	5	Ist Rune Cham Rune Tal Rune	To Hit +30% | Armor +15 | Mana +30 | Dexterity +30 | Magic +30	Ist Rune: +30% magic find | Cham Rune: +10% magic resist | Tal Rune: +30% magic resist
Pale Gambit	5	Ohm Rune Eld Rune Thul Rune	To Hit +18% | Magic Resistance +27% | Armor +9 | Mana +18 | Magic +18	Ohm Rune: +5% magic resist | Eld Rune: +10 life | Thul Rune: +30% magic resist
Quiet Harbour	5	Jah Rune Ith Rune Dol Rune	To Hit +24% | Armor +12 | Mana +24 | Magic Find +48% | Gold Find +96%	Jah Rune: +50 life | Ith Rune: +8 mana | Dol Rune: +10 life
Ragged Herald	5	El Rune Amn Rune Pul Rune Jah Rune	To Hit +30% | Armor +15 | Mana +30 | Magic +30 | Gold Find +120%	El Rune: +15 armor, +1 light radius | Amn Rune: attackers take damage | Pul Rune: +25 armor | Jah Rune: +50 life
Riven Keening	5	Eth Rune Hel Rune Gul Rune Eld Rune	To Hit +22% | Armor +11 | Mana +22 | Magic +22 | Damage Reduced +11	Eth Rune: +10 mana | Hel Rune: requirements -20% | Gul Rune: +5% magic resist | Eld Rune: +10 life
Salt Lantern	5	Ral Rune Ko Rune Lo Rune Eth Rune	To Hit +28% | Armor +14 | Mana +28 | Strength +28 | Attackers take damage	Ral Rune: +30% fire resist | Ko Rune: +10 dexterity | Lo Rune: +5% lightning resist | Eth Rune: +10 mana
Shattered Ledger	5	Sol Rune Um Rune Cham Rune Ort Rune	To Hit +36% | Armor +18 | Mana +36 | Light Radius +1 | Faster hit recovery	Sol Rune: damage taken -7 | Um Rune: +15% fire resist, +15% lightning resist, +15% magic resist | Cham Rune: +10% magic resist | Ort Rune: +30% lightning resist
Silent Litany	5	Io Rune Vex Rune Tir Rune Shael Rune	To Hit +28% | Armor +14 | Mana +28 | Strength +28 | Light Radius +1	Io Rune: +10 vitality | Vex Rune: +5% fire resist | Tir Rune: +2 mana per kill | Shael Rune: faster hit recovery
Sable Mandate	5	Fal Rune Sur Rune Ith Rune Io Rune	To Hit +32% | Lightning Resistance +40% | Armor +16 | Mana +32 | Magic Find +64%	Fal Rune: +10 strength | Sur Rune: +50 mana | Ith Rune: +8 mana | Io Rune: +10 vitality
Storm Mercy	5	Mal Rune Zod Rune Thul Rune Lem Rune	To Hit +40% | Fire Resistance +40% | Armor +20 | Mana +40 | Damage Reduced +20	Mal Rune: damage taken -7 | Zod Rune: indestructible | Thul Rune: +30% magic resist | Lem Rune: +75% gold find
Sunless Omen	5	Ohm Rune Nef Rune Dol Rune Ist Rune	To Hit +32% | Armor +16 | Mana +32 | Magic Find +64% | Damage Reduced +16	Ohm Rune: +5% magic resist | Nef Rune: damage taken -3 | Dol Rune: +10 life | Ist Rune: +30% magic find
Thorn Pact	5	Ber Rune Tal Rune Lum Rune Ohm Rune	To Hit +38% | Armor +19 | Mana +38 | Dexterity +38 | Vitality +38	Ber Rune: damage taken -8 | Tal Rune: +30% magic resist | Lum Rune: +10 magic | Ohm Rune: +5% magic resist
Tidal Parable	6	El Rune Ral Rune	Damage +2 | To Hit +6% | Armor +2 | Dexterity +4 | Faster hit recovery	El Rune: +15 armor, +1 light radius | Ral Rune: +30% fire resist
Vigil Reckoning	6	Nef Rune Amn Rune	Damage +3 | To Hit +9% | Fire Resistance +9% | Armor +3 | Magic Find +12%	Nef Rune: damage taken -3 | Amn Rune: attackers take damage
Waking Refrain	6	Tal Rune Dol Rune	Damage +5 | To Hit +15% | Armor +5 | Vitality +10 | Light Radius +1	Tal Rune: +30% magic resist | Dol Rune: +10 life
Wan Sentinel	6	Ort Rune Io Rune	Damage +6 | To Hit +18% | Magic Resistance +18% | Armor +6 | Magic +12	Ort Rune: +30% lightning resist | Io Rune: +10 vitality
Wither Signet	6	Sol Rune Fal Rune	Damage +7 | To Hit +21% | Armor +7 | Strength +14 | Attackers take damage	Sol Rune: damage taken -7 | Fal Rune: +10 strength
Wrought Sojourn	6	Hel Rune Um Rune	Damage +9 | To Hit +27% | Fire Resistance +27% | Armor +9 | Gold Find +72%	Hel Rune: requirements -20% | Um Rune: +15% fire resist, +15% lightning resist, +15% magic resist
Ashen Tally	6	Lum Rune Ist Rune	Damage +10 | To Hit +30% | Fire Resistance +30% | Armor +10 | Magic Find +40%	Lum Rune: +10 magic | Ist Rune: +30% magic find
Bitter Tenet	6	Lem Rune Ohm Rune	Damage +11 | To Hit +33% | Armor +11 | Vitality +22 | Light Radius +1	Lem Rune: +75% gold find | Ohm Rune: +5% magic resist
Bleak Threnody	6	Mal Rune Ber Rune	Damage +13 | To Hit +39% | Armor +13 | Vitality +26 | Light Radius +1	Mal Rune: damage taken -7 | Ber Rune: damage taken -8
Burning Verdict	6	Vex Rune Zod Rune	Damage +14 | To Hit +42% | Fire Resistance +40% | Armor +14 | Magic Find +56%	Vex Rune: +5% fire resist | Zod Rune: indestructible
Cinder Vigil	6	Sur Rune Tir Rune	Damage +8 | To Hit +24% | Armor +8 | Magic +16 | Damage Reduced +8	Sur Rune: +50 mana | Tir Rune: +2 mana per kill
Cold Warrant	6	Jah Rune Eth Rune	Damage +8 | To Hit +24% | Armor +8 | Magic +16 | Damage Reduced +8	Jah Rune: +50 life | Eth Rune: +10 mana
Crimson Accord	6	El Rune Ort Rune Lum Rune	Damage +6 | To Hit +18% | Armor +6 | Strength +12 | Dexterity +12	El Rune: +15 armor, +1 light radius | Ort Rune: +30% lightning resist | Lum Rune: +10 magic
Dread Anthem	6	Nef Rune Sol Rune Lem Rune	Damage +8 | To Hit +24% | Armor +8 | Gold Find +64% | Faster hit recovery	Nef Rune: damage taken -3 | Sol Rune: damage taken -7 | Lem Rune: +75% gold find
Dusk Bargain	6	Ral Rune Io Rune Ist Rune	Damage +11 | To Hit +33% | Lightning Resistance +33% | Armor +11 | Light Radius +1	Ral Rune: +30% fire resist | Io Rune: +10 vitality | Ist Rune: +30% magic find
Ember Bulwark	6	Amn Rune Fal Rune Ohm Rune	Damage +14 | To Hit +42% | Armor +14 | Strength +28 | Magic +28	Amn Rune: attackers take damage | Fal Rune: +10 strength | Ohm Rune: +5% magic resist
Fell Cadence	6	Dol Rune Um Rune Ber Rune	Damage +16 | To Hit +48% | Armor +16 | Strength +32 | Dexterity +32	Dol Rune: +10 life | Um Rune: +15% fire resist, +15% lightning resist, +15% magic resist | Ber Rune: damage taken -8
Grave Charter	6	Lum Rune Gul Rune Zod Rune	Damage +18 | To Hit +54% | Armor +18 | Gold Find +144% | Faster hit recovery	Lum Rune: +10 magic | Gul Rune: +5% magic resist | Zod Rune: indestructible
Grim Compass	6	Pul Rune Sur Rune Nef Rune	Damage +13 | To Hit +39% | Armor +13 | Vitality +26 | Damage Reduced +13	Pul Rune: +25 armor | Sur Rune: +50 mana | Nef Rune: damage taken -3
Hollow Covenant	6	Ist Rune Cham Rune Tal Rune	Damage +15 | To Hit +45% | Armor +15 | Dexterity +30 | Magic +30	Ist Rune: +30% magic find | Cham Rune: +10% magic resist | Tal Rune: +30% magic resist
Iron Creed	6	Ohm Rune Eld Rune Thul Rune	Damage +9 | To Hit +27% | Magic Resistance +27% | Armor +9 | Magic +18	Ohm Rune: +5% magic resist | Eld Rune: +10 life | Thul Rune: +30% magic resist
Kindled Dirge	6	Jah Rune Ith Rune Dol Rune	Damage +12 | To Hit +36% | Armor +12 | Magic Find +48% | Gold Find +96%	Jah Rune: +50 life | Ith Rune: +8 mana | Dol Rune: +10 life
Lost Ember	6	El Rune Amn Rune Pul Rune Jah Rune	Damage +15 | To Hit +45% | Armor +15 | Magic +30 | Gold Find +120%	El Rune: +15 armor, +1 light radius | Amn Rune: attackers take damage | Pul Rune: +25 armor | Jah Rune: +50 life
Molten Errand	6	Eth Rune Hel Rune Gul Rune Eld Rune	Damage +11 | To Hit +33% | Armor +11 | Magic +22 | Damage Reduced +11	Eth Rune: +10 mana | Hel Rune: requirements -20% | Gul Rune: +5% magic resist | Eld Rune: +10 life
Pale Fetter	6	Ral Rune Ko Rune Lo Rune Eth Rune	Damage +14 | To Hit +42% | Armor +14 | Strength +28 | Attackers take damage	Ral Rune: +30% fire resist | Ko Rune: +10 dexterity | Lo Rune: +5% lightning resist | Eth Rune: +10 mana
Quiet Gambit	6	Sol Rune Um Rune Cham Rune Ort Rune	Damage +18 | To Hit +54% | Armor +18 | Light Radius +1 | Faster hit recovery	Sol Rune: damage taken -7 | Um Rune: +15% fire resist, +15% lightning resist, +15% magic resist | Cham Rune: +10% magic resist | Ort Rune: +30% lightning resist
Ragged Harbour	6	Io Rune Vex Rune Tir Rune Shael Rune	Damage +14 | To Hit +42% | Armor +14 | Strength +28 | Light Radius +1	Io Rune: +10 vitality | Vex Rune: +5% fire resist | Tir Rune: +2 mana per kill | Shael Rune: faster hit recovery
Riven Herald	6	Fal Rune Sur Rune Ith Rune Io Rune	Damage +16 | To Hit +48% | Lightning Resistance +40% | Armor +16 | Magic Find +64%	Fal Rune: +10 strength | Sur Rune: +50 mana | Ith Rune: +8 mana | Io Rune: +10 vitality
Salt Keening	6	Mal Rune Zod Rune Thul Rune Lem Rune	Damage +20 | To Hit +60% | Fire Resistance +40% | Armor +20 | Damage Reduced +20	Mal Rune: damage taken -7 | Zod Rune: indestructible | Thul Rune: +30% magic resist | Lem Rune: +75% gold find
Shattered Lantern	6	Ohm Rune Nef Rune Dol Rune Ist Rune	Damage +16 | To Hit +48% | Armor +16 | Magic Find +64% | Damage Reduced +16	Ohm Rune: +5% magic resist | Nef Rune: damage taken -3 | Dol Rune: +10 life | Ist Rune: +30% magic find
Silent Ledger	6	Ber Rune Tal Rune Lum Rune Ohm Rune	Damage +19 | To Hit +57% | Armor +19 | Dexterity +38 | Vitality +38	Ber Rune: damage taken -8 | Tal Rune: +30% magic resist | Lum Rune: +10 magic | Ohm Rune: +5% magic resist
Sable Litany	7	El Rune Ral Rune	Armor +2 | Life +8 | Dexterity +4 | Faster hit recovery	El Rune: +15 armor, +1 light radius | Ral Rune: +30% fire resist
Storm Mandate	7	Nef Rune Amn Rune	Fire Resistance +9% | Armor +3 | Life +12 | Magic Find +12%	Nef Rune: damage taken -3 | Amn Rune: attackers take damage
Sunless Mercy	7	Tal Rune Dol Rune	Armor +5 | Life +20 | Vitality +10 | Light Radius +1	Tal Rune: +30% magic resist | Dol Rune: +10 life
Thorn Omen	7	Ort Rune Io Rune	Magic Resistance +18% | Armor +6 | Life +24 | Magic +12	Ort Rune: +30% lightning resist | Io Rune: +10 vitality
Tidal Pact	7	Sol Rune Fal Rune	Armor +7 | Life +28 | Strength +14 | Attackers take damage	Sol Rune: damage taken -7 | Fal Rune: +10 strength
Vigil Parable	7	Hel Rune Um Rune	Fire Resistance +27% | Armor +9 | Life +36 | Gold Find +72%	Hel Rune: requirements -20% | Um Rune: +15% fire resist, +15% lightning resist, +15% magic resist
Waking Reckoning	7	Lum Rune Ist Rune	Fire Resistance +30% | Armor +10 | Life +40 | Magic Find +40%	Lum Rune: +10 magic | Ist Rune: +30% magic find
Wan Refrain	7	Lem Rune Ohm Rune	Armor +11 | Life +44 | Vitality +22 | Light Radius +1	Lem Rune: +75% gold find | Ohm Rune: +5% magic resist
Wither Sentinel	7	Mal Rune Ber Rune	Armor +13 | Life +52 | Vitality +26 | Light Radius +1	Mal Rune: damage taken -7 | Ber Rune: damage taken -8
Wrought Signet	7	Vex Rune Zod Rune	Fire Resistance +40% | Armor +14 | Life +56 | Magic Find +56%	Vex Rune: +5% fire resist | Zod Rune: indestructible
Ashen Sojourn	7	Sur Rune Tir Rune	Armor +8 | Life +32 | Magic +16 | Damage Reduced +8	Sur Rune: +50 mana | Tir Rune: +2 mana per kill
Bitter Tally	7	Jah Rune Eth Rune	Armor +8 | Life +32 | Magic +16 | Damage Reduced +8	Jah Rune: +50 life | Eth Rune: +10 mana
Bleak Tenet	8	El Rune Ral Rune	Armor +6 | Life +4 | Dexterity +4 | Faster hit recovery	El Rune: +15 armor, +1 light radius | Ral Rune: +30% fire resist
Burning Threnody	8	Nef Rune Amn Rune	Fire Resistance +9% | Armor +9 | Life +6 | Magic Find +12%	Nef Rune: damage taken -3 | Amn Rune: attackers take damage
Cinder Verdict	8	Tal Rune Dol Rune	Armor +15 | Life +10 | Vitality +10 | Light Radius +1	Tal Rune: +30% magic resist | Dol Rune: +10 life
Cold Vigil	8	Ort Rune Io Rune	Magic Resistance +18% | Armor +18 | Life +12 | Magic +12	Ort Rune: +30% lightning resist | Io Rune: +10 vitality
Crimson Warrant	8	Sol Rune Fal Rune	Armor +21 | Life +14 | Strength +14 | Attackers take damage	Sol Rune: damage taken -7 | Fal Rune: +10 strength
Dread Accord	8	Hel Rune Um Rune	Fire Resistance +27% | Armor +27 | Life +18 | Gold Find +72%	Hel Rune: requirements -20% | Um Rune: +15% fire resist, +15% lightning resist, +15% magic resist
Dusk Anthem	8	Lum Rune Ist Rune	Fire Resistance +30% | Armor +30 | Life +20 | Magic Find +40%	Lum Rune: +10 magic | Ist Rune: +30% magic find
Ember Bargain	8	Lem Rune Ohm Rune	Armor +33 | Life +22 | Vitality +22 | Light Radius +1	Lem Rune: +75% gold find | Ohm Rune: +5% magic resist
Fell Bulwark	8	Mal Rune Ber Rune	Armor +39 | Life +26 | Vitality +26 | Light Radius +1	Mal Rune: damage taken -7 | Ber Rune: damage taken -8
Grave Cadence	8	Vex Rune Zod Rune	Fire Resistance +40% | Armor +42 | Life +28 | Magic Find +56%	Vex Rune: +5% fire resist | Zod Rune: indestructible
Grim Charter	8	Sur Rune Tir Rune	Armor +24 | Life +16 | Magic +16 | Damage Reduced +8	Sur Rune: +50 mana | Tir Rune: +2 mana per kill
Hollow Compass	8	Jah Rune Eth Rune	Armor +24 | Life +16 | Magic +16 | Damage Reduced +8	Jah Rune: +50 life | Eth Rune: +10 mana
Iron Covenant	8	El Rune Ort Rune Lum Rune	Armor +18 | Life +12 | Strength +12 | Dexterity +12	El Rune: +15 armor, +1 light radius | Ort Rune: +30% lightning resist | Lum Rune: +10 magic
Kindled Creed	8	Nef Rune Sol Rune Lem Rune	Armor +24 | Life +16 | Gold Find +64% | Faster hit recovery	Nef Rune: damage taken -3 | Sol Rune: damage taken -7 | Lem Rune: +75% gold find
Lost Dirge	8	Ral Rune Io Rune Ist Rune	Lightning Resistance +33% | Armor +33 | Life +22 | Light Radius +1	Ral Rune: +30% fire resist | Io Rune: +10 vitality | Ist Rune: +30% magic find
Molten Ember	8	Amn Rune Fal Rune Ohm Rune	Armor +42 | Life +28 | Strength +28 | Magic +28	Amn Rune: attackers take damage | Fal Rune: +10 strength | Ohm Rune: +5% magic resist
Pale Errand	8	Dol Rune Um Rune Ber Rune	Armor +48 | Life +32 | Strength +32 | Dexterity +32	Dol Rune: +10 life | Um Rune: +15% fire resist, +15% lightning resist, +15% magic resist | Ber Rune: damage taken -8
Quiet Fetter	8	Lum Rune Gul Rune Zod Rune	Armor +54 | Life +36 | Gold Find +144% | Faster hit recovery	Lum Rune: +10 magic | Gul Rune: +5% magic resist | Zod Rune: indestructible
Ragged Gambit	8	Pul Rune Sur Rune Nef Rune	Armor +39 | Life +26 | Vitality +26 | Damage Reduced +13	Pul Rune: +25 armor | Sur Rune: +50 mana | Nef Rune: damage taken -3
Riven Harbour	8	Ist Rune Cham Rune Tal Rune	Armor +45 | Life +30 | Dexterity +30 | Magic +30	Ist Rune: +30% magic find | Cham Rune: +10% magic resist | Tal Rune: +30% magic resist
Salt Herald	8	Ohm Rune Eld Rune Thul Rune	Magic Resistance +27% | Armor +27 | Life +18 | Magic +18	Ohm Rune: +5% magic resist | Eld Rune: +10 life | Thul Rune: +30% magic resist
Shattered Keening	8	Jah Rune Ith Rune Dol Rune	Armor +36 | Life +24 | Magic Find +48% | Gold Find +96%	Jah Rune: +50 life | Ith Rune: +8 mana | Dol Rune: +10 life
Silent Lantern	8	El Rune Amn Rune Pul Rune Jah Rune	Armor +45 | Life +30 | Magic +30 | Gold Find +120%	El Rune: +15 armor, +1 light radius | Amn Rune: attackers take damage | Pul Rune: +25 armor | Jah Rune: +50 life
Sable Ledger	8	Eth Rune Hel Rune Gul Rune Eld Rune	Armor +33 | Life +22 | Magic +22 | Damage Reduced +11	Eth Rune: +10 mana | Hel Rune: requirements -20% | Gul Rune: +5% magic resist | Eld Rune: +10 life
Storm Litany	8	Ral Rune Ko Rune Lo Rune Eth Rune	Armor +42 | Life +28 | Strength +28 | Attackers take damage	Ral Rune: +30% fire resist | Ko Rune: +10 dexterity | Lo Rune: +5% lightning resist | Eth Rune: +10 mana
Sunless Mandate	8	Sol Rune Um Rune Cham Rune Ort Rune	Armor +54 | Life +36 | Light Radius +1 | Faster hit recovery	Sol Rune: damage taken -7 | Um Rune: +15% fire resist, +15% lightning resist, +15% magic resist | Cham Rune: +10% magic resist | Ort Rune: +30% lightning resist
Thorn Mercy	8	Io Rune Vex Rune Tir Rune Shael Rune	Armor +42 | Life +28 | Strength +28 | Light Radius +1	Io Rune: +10 vitality | Vex Rune: +5% fire resist | Tir Rune: +2 mana per kill | Shael Rune: faster hit recovery
Tidal Omen	8	Fal Rune Sur Rune Ith Rune Io Rune	Lightning Resistance +40% | Armor +48 | Life +32 | Magic Find +64%	Fal Rune: +10 strength | Sur Rune: +50 mana | Ith Rune: +8 mana | Io Rune: +10 vitality
Vigil Pact	8	Mal Rune Zod Rune Thul Rune Lem Rune	Fire Resistance +40% | Armor +60 | Life +40 | Damage Reduced +20	Mal Rune: damage taken -7 | Zod Rune: indestructible | Thul Rune: +30% magic resist | Lem Rune: +75% gold find
Waking Parable	8	Ohm Rune Nef Rune Dol Rune Ist Rune	Armor +48 | Life +32 | Magic Find +64% | Damage Reduced +16	Ohm Rune: +5% magic resist | Nef Rune: damage taken -3 | Dol Rune: +10 life | Ist Rune: +30% magic find
Wan Reckoning	8	Ber Rune Tal Rune Lum Rune Ohm Rune	Armor +57 | Life +38 | Dexterity +38 | Vitality +38	Ber Rune: damage taken -8 | Tal Rune: +30% magic resist | Lum Rune: +10 magic | Ohm Rune: +5% magic resist
Wither Refrain	9	El Rune Ral Rune	All Resistances +1% | Armor +4 | Life +2 | Dexterity +4 | Faster hit recovery	El Rune: +15 armor, +1 light radius | Ral Rune: +30% fire resist
Wrought Sentinel	9	Nef Rune Amn Rune	All Resistances +2% | Fire Resistance +9% | Armor +6 | Life +3 | Magic Find +12%	Nef Rune: damage taken -3 | Amn Rune: attackers take damage
Ashen Signet	9	Tal Rune Dol Rune	All Resistances +3% | Armor +10 | Life +5 | Vitality +10 | Light Radius +1	Tal Rune: +30% magic resist | Dol Rune: +10 life
Bitter Sojourn	9	Ort Rune Io Rune	All Resistances +4% | Magic Resistance +18% | Armor +12 | Life +6 | Magic +12	Ort Rune: +30% lightning resist | Io Rune: +10 vitality
Bleak Tally	9	Sol Rune Fal Rune	All Resistances +4% | Armor +14 | Life +7 | Strength +14 | Attackers take damage	Sol Rune: damage taken -7 | Fal Rune: +10 strength
Burning Tenet	9	Hel Rune Um Rune	All Resistances +5% | Fire Resistance +27% | Armor +18 | Life +9 | Gold Find +72%	Hel Rune: requirements -20% | Um Rune: +15% fire resist, +15% lightning resist, +15% magic resist
Cinder Threnody	9	Lum Rune Ist Rune	All Resistances +6% | Fire Resistance +30% | Armor +20 | Life +10 | Magic Find +40%	Lum Rune: +10 magic | Ist Rune: +30% magic find
Cold Verdict	9	Lem Rune Ohm Rune	All Resistances +7% | Armor +22 | Life +11 | Vitality +22 | Light Radius +1	Lem Rune: +75% gold find | Ohm Rune: +5% magic resist
Crimson Vigil	9	Mal Rune Ber Rune	All Resistances +8% | Armor +26 | Life +13 | Vitality +26 | Light Radius +1	Mal Rune: damage taken -7 | Ber Rune: damage taken -8
Dread Warrant	9	Vex Rune Zod Rune	All Resistances +8% | Fire Resistance +40% | Armor +28 | Life +14 | Magic Find +56%	Vex Rune: +5% fire resist | Zod Rune: indestructible
Dusk Accord	9	Sur Rune Tir Rune	All Resistances +5% | Armor +16 | Life +8 | Magic +16 | Damage Reduced +8	Sur Rune: +50 mana | Tir Rune: +2 mana per kill
Ember Anthem	9	Jah Rune Eth Rune	All Resistances +5% | Armor +16 | Life +8 | Magic +16 | Damage Reduced +8	Jah Rune: +50 life | Eth Rune: +10 mana
Fell Bargain	9	El Rune Ort Rune Lum Rune	All Resistances +4% | Armor +12 | Life +6 | Strength +12 | Dexterity +12	El Rune: +15 armor, +1 light radius | Ort Rune: +30% lightning resist | Lum Rune: +10 magic
Grave Bulwark	9	Nef Rune Sol Rune Lem Rune	All Resistances +5% | Armor +16 | Life +8 | Gold Find +64% | Faster hit recovery	Nef Rune: damage taken -3 | Sol Rune: damage taken -7 | Lem Rune: +75% gold find
Grim Cadence	9	Ral Rune Io Rune Ist Rune	All Resistances +7% | Lightning Resistance +33% | Armor +22 | Life +11 | Light Radius +1	Ral Rune: +30% fire resist | Io Rune: +10 vitality | Ist Rune: +30% magic find
Hollow Charter	9	Amn Rune Fal Rune Ohm Rune	All Resistances +8% | Armor +28 | Life +14 | Strength +28 | Magic +28	Amn Rune: attackers take damage | Fal Rune: +10 strength | Ohm Rune: +5% magic resist
Iron Compass	9	Dol Rune Um Rune Ber Rune	All Resistances +10% | Armor +32 | Life +16 | Strength +32 | Dexterity +32	Dol Rune: +10 life | Um Rune: +15% fire resist, +15% lightning resist, +15% magic resist | Ber Rune: damage taken -8
Kindled Covenant	9	Lum Rune Gul Rune Zod Rune	All Resistances +11% | Armor +36 | Life +18 | Gold Find +144% | Faster hit recovery	Lum Rune: +10 magic | Gul Rune: +5% magic resist | Zod Rune: indestructible
Lost Creed	9	Pul Rune Sur Rune Nef Rune	All Resistances +8% | Armor +26 | Life +13 | Vitality +26 | Damage Reduced +13	Pul Rune: +25 armor | Sur Rune: +50 mana | Nef Rune: damage taken -3
Molten Dirge	9	Ist Rune Cham Rune Tal Rune	All Resistances +9% | Armor +30 | Life +15 | Dexterity +30 | Magic +30	Ist Rune: +30% magic find | Cham Rune: +10% magic resist | Tal Rune: +30% magic resist
Pale Ember	9	Ohm Rune Eld Rune Thul Rune	All Resistances +5% | Magic Resistance +27% | Armor +18 | Life +9 | Magic +18	Ohm Rune: +5% magic resist | Eld Rune: +10 life | Thul Rune: +30% magic resist
Quiet Errand	9	Jah Rune Ith Rune Dol Rune	All Resistances +7% | Armor +24 | Life +12 | Magic Find +48% | Gold Find +96%	Jah Rune: +50 life | Ith Rune: +8 mana | Dol Rune: +10 life
Ragged Fetter	9	El Rune Amn Rune Pul Rune Jah Rune	All Resistances +9% | Armor +30 | Life +15 | Magic +30 | Gold Find +120%	El Rune: +15 armor, +1 light radius | Amn Rune: attackers take damage | Pul Rune: +25 armor | Jah Rune: +50 life
Riven Gambit	9	Eth Rune Hel Rune Gul Rune Eld Rune	All Resistances +7% | Armor +22 | Life +11 | Magic +22 | Damage Reduced +11	Eth Rune: +10 mana | Hel Rune: requirements -20% | Gul Rune: +5% magic resist | Eld Rune: +10 life
Salt Harbour	9	Ral Rune Ko Rune Lo Rune Eth Rune	All Resistances +8% | Armor +28 | Life +14 | Strength +28 | Attackers take damage	Ral Rune: +30% fire resist | Ko Rune: +10 dexterity | Lo Rune: +5% lightning resist | Eth Rune: +10 mana
Shattered Herald	9	Sol Rune Um Rune Cham Rune Ort Rune	All Resistances +11% | Armor +36 | Life +18 | Light Radius +1 | Faster hit recovery	Sol Rune: damage taken -7 | Um Rune: +15% fire resist, +15% lightning resist, +15% magic resist | Cham Rune: +10% magic resist | Ort Rune: +30% lightning resist
Silent Keening	9	Io Rune Vex Rune Tir Rune Shael Rune	All Resistances +8% | Armor +28 | Life +14 | Strength +28 | Light Radius +1	Io Rune: +10 vitality | Vex Rune: +5% fire resist | Tir Rune: +2 mana per kill | Shael Rune: faster hit recovery
Sable Lantern	9	Fal Rune Sur Rune Ith Rune Io Rune	All Resistances +10% | Lightning Resistance +40% | Armor +32 | Life +16 | Magic Find +64%	Fal Rune: +10 strength | Sur Rune: +50 mana | Ith Rune: +8 mana | Io Rune: +10 vitality
Storm Ledger	9	Mal Rune Zod Rune Thul Rune Lem Rune	All Resistances +12% | Fire Resistance +40% | Armor +40 | Life +20 | Damage Reduced +20	Mal Rune: damage taken -7 | Zod Rune: indestructible | Thul Rune: +30% magic resist | Lem Rune: +75% gold find
Sunless Litany	9	Ohm Rune Nef Rune Dol Rune Ist Rune	All Resistances +10% | Armor +32 | Life +16 | Magic Find +64% | Damage Reduced +16	Ohm Rune: +5% magic resist | Nef Rune: damage taken -3 | Dol Rune: +10 life | Ist Rune: +30% magic find
Thorn Mandate	9	Ber Rune Tal Rune Lum Rune Ohm Rune	All Resistances +11% | Armor +38 | Life +19 | Dexterity +38 | Vitality +38	Ber Rune: damage taken -8 | Tal Rune: +30% magic resist | Lum Rune: +10 magic | Ohm Rune: +5% magic resist
